Name,Accuracy,Precision,Recall,F1_score,Time_Taken
Random Forest,0.611170784103115,0.5514041072287952,0.7475891024467242,0.5372128830728381,232.09334516525269
MLP Classifier,0.677765843179377,0.6622360672736335,0.6734439347646606,0.6648270311659442,363.9838149547577
Support Vector,0.6992481203007519,0.6769725645267154,0.7070846872979574,0.6838350499854697,167.6061611175537
Adaboost,0.6852846401718582,0.6813709666744024,0.6795342288797316,0.6793332654273344,592.513233423233
SGD Classifier,0.58968850698174,0.6225392259817643,0.667617552324701,0.5867120152569755,592.513233423233
XG Boost,0.6992481203007519,0.6765548148031203,0.7122481219496574,0.6863547804183517,541.9093170166016
