Name,Accuracy,Precision,Recall,F1_score,Time_Taken
Random Forest,0.6627282491944146,0.6108637480407424,0.6975704810348357,0.6273768617827039,11.62441110610962
MLP Classifier,0.7679914070891515,0.749147785432033,0.7797211966595102,0.7605269977158008,310.28679728507996
Support Vector,0.6670247046186896,0.59024932464158,0.8245015819943875,0.6186265336461438,41.63180708885193
Adaboost,0.5252416756176155,0.5167645505716937,0.5357758618850004,0.5197679494885871,19.47133159637451
SGD Classifier,0.7669172932330827,0.7531001730052861,0.7693800061807329,0.7602175718930896,0.18688225746154785
XG Boost,0.6788399570354458,0.660957064363969,0.6799252234444989,0.6678740992032739,29.53926706314087
