Name,Accuracy,Precision,Recall,F1_score,Time_Taken
Random Forest,0.6605800214822771,0.6072804756405449,0.7093460018679479,0.6279016612840611,2.633253574371338
MLP Classifier,0.7744360902255639,0.7525435962581176,0.7877079011347473,0.7661652760746747,120.72091341018677
Support Vector,0.6670247046186896,0.59024932464158,0.8245015819943875,0.6186265336461438,10.314090728759766
Adaboost,0.5252416756176155,0.5167645505716937,0.5357758618850004,0.5197679494885871,4.881869316101074
SGD Classifier,0.765843179377014,0.7533027051972777,0.7678866866823754,0.7596624806934842,0.05638313293457031
XG Boost,0.6788399570354458,0.660957064363969,0.6799252234444989,0.6678740992032739,16.01853609085083
